2162091|Agatha Gomes Rosa|2|agatharosa018@gmail.com
2152843|Alana Bichel|2|alanabichel@gmail.com
2095335|Alberto Junior Portaluppi|3|portaluppi@alunos.utfpr.edu.br
1870122|Alessandro Bocalon Fagundes|6|fagundes@alunos.utfpr.edu.br
1930648|Alessandro Gambin Da Silva|6|alessandrosilva@alunos.utfpr.edu.br
1496727|Alex Domingues Da Silva|1|alex.dds@hotmail.com
2008394|Alex Sandro Sanches De Aguiar|2|alexaguiar@alunos.utfpr.edu.br
1766341|Alexandre Henrique Antunes Maciel|3|alexandremaciel@alunos.utfpr.edu.br
2095343|Alexandro Sousa Dos Santos|3|alexandrosantos@alunos.utfpr.edu.br
1870130|Aline Dos Santos|3|alinedossantos98@hotmail.com
1870149|Alisson Anselmo Stopassole|7|alissonstopassole@hotmail.com
1653199|Alisson Burgrever|8|alisson_npii@hotmail.com
1343637|Allan Patrick Da Silva Fraga|8|allanfraga@alunos.utfpr.edu.br
2152851|Ana Clara Varriano Mauricio|2|claramauricio3@gmail.com
2034875|Anderson Pereira Brzezinski|3|apb2627@gmail.com
2203600|Andre Lucas Ruiz Almeida|1|andrelucasruizalmeida@gmail.com
1823175|Andre Luiz Prunzel|3|andreprunzel@alunos.utfpr.edu.br
2034891|Andrei Ferreira Stasiak|3|andreistasiak1@gmail.com
1932748|Andrei Joao Peretto|5|andreipereto@gmail.com
1823183|Andrei Welliton Corezolla|8|andreiwelliton@gmail.com
2154609|Angelo Miguel Da Silva Hank|1|hankangelo6@gmail.com
2152860|Antonio Luiz Simioni Zotti|2|antonio.ls.zotti@gmail.com
1870181|Arielyn Padua Silva|6|ari17aps@gmail.com
2152878|Arthur Bernardo Dahmer Sosnowski|2|metroidling@gmail.com
1932756|Arthur Riuiti Pinheiro So|6|soarthur@hotmail.com
2095360|Artur Prasniewski Junior|2|arturjuniorp2@hotmail.com
1929046|Barbara Antunes Pacheco|4|barbarapacheco@alunos.utfpr.edu.br
2094380|Breno Ulisses Vergopolan|3|brenovergopolan@alunos.utfpr.edu.br
1930656|Bruno Biz Dias De Castro|3|bcastro@alunos.utfpr.edu.br
1870190|Bruno Bueno|2|brunobueno270199@gmail.com
2095378|Bruno De Barros|3|barrosb@alunos.utfpr.edu.br
2152886|Bruno Dewes Oliveira|2|brunodewes.oli@gmail.com
2152894|Bruno Eduardo Soares Rodrigues|2|brunaoeduardao@gmail.com
2034905|Caio Dos Santos Feitoza|3|caiodossantosfeitoza@gmail.com
2034913|Camila Eduarda De Lima|3|camilatoniote@gmail.com
2033470|Caroline Andressa Vitto|2|carolvittoa@gmail.com
1652702|Caroline Molin Adami|8|carolineadami@alunos.utfpr.edu.br
2034921|Cleison Felipe Scolari|2|cleisonnoob@hotmail.com
2204541|Cleverton Marcelo Da Costa|1|clevertonmarcelo6@gmail.com
2034930|Cristina Luiza Pelepenko|4|cristinaluiza.dvz@gmail.com
1870203|Daniel Carlos Kuhn|7|danielkuhn@alunos.utfpr.edu.br
2003244|Daniel Dalpasquale|3|dalpasquale@alunos.utfpr.edu.br
2152576|Danilo Raizel De Oliveira Neto|1|dneto@alunos.utfpr.edu.br
2095394|Danilo Silva De Amorim|2|danilojabu@hotmail.com
2204550|Davi Romauski Meurer|1|davimeurer@alunos.utfpr.edu.br
2204568|Davidson Carrilho Martins|1|davidsoncarrilho@hotmail.com
1766864|Decio Kaspary Junior|6|deciokaspary@hotmail.com
1822195|Denis De Santi Stael|6|denisstael@alunos.utfpr.edu.br
2204576|Douglas Antonelo|1|antonelo1903@gmail.com
1765949|Douglas Da Cruz|5|douglas_cruzz@hotmail.com
1930672|Douglas Wender Lopes De Oliveira|6|douglaso@alunos.utfpr.edu.br
2095408|Edgar Henrique Bender Pacola|3|edgarhbpacola@gmail.com
1870220|Eduany Mateus Mroczkoski Dos Santos|7|eduany.santos10@hotmail.com
2095416|Eduardo Cristiano Chitolina|3|eduardochitolina@alunos.utfpr.edu.br
2152908|Eduardo Da Silva|2|dukrl222@hotmail.com
2069962|Eduardo Lucas Pastorio|2|edupastorio@outlook.com
2034956|Edyomar Lucas Dos Santos|2|edyomar@alunos.utfpr.edu.br
1343416|Elio Machado Costa|8|eliocosta@outlook.com
2204592|Elyraiane Duarte Dos Reis|1|elyraiane@hotmail.com
2204606|Emanuel Soares Dos Anjos|1|santindosanjos@gmail.com
1870238|Emerson Carlos Antunes Da Silva|2|emerson_carlos96@hotmail.com
1714015|Emerson Lucio Da Silva|2|emerson_lds_@hotmail.com
1870246|Erasmo Junkes|7|erasmojunkes@alunos.utfpr.edu.br
1930680|Erllon Emanuel Nowacki|5|erllonemanuel11@gmail.com
2204614|Estevao Demetrio Ibrahim|1|estevaoi@alunos.utfpr.edu.br
1726609|Eugenio Edson Paladini|6|epaladini@alunos.utfpr.edu.br
1930699|Fabio Augusto De Azevedo Fidencio|5|fabiofidencio@alunos.utfpr.edu.br
2095432|Fabio Henrique Lorenzetti|3|fabiolorenzetti99@gmail.com
2162105|Fabiola Ribeiro Da Silva|2|fabiolaribeirodasilva940@gmail.com
2002434|Felipe Pardim Dos Santos|5|felipesantos.2017@alunos.utfpr.edu.br
2032350|Fernando Henrique Carvalho Da Silva|3|fernandofhc7@hotmail.com
2034980|Fernando Matheus Dos Santos|3|fernandos.2000@alunos.utfpr.edu.br
2152916|Fernando Pacheco Oliveira|2|fpoliveira@aluno.crb.g12.br
2152924|Gabriel Batista Refosco|2|gbrefosco@gmail.com
1776517|Gabriel Correa Da Luz|5|correag13@gmail.com
1930710|Gabriel Lopes Guilherme|6|gabrielguilherme@alunos.utfpr.edu.br
1840452|Gabriela Farias|8|gabrielafarias@alunos.utfpr.edu.br
2152932|Gabriela Ines Oliveira De Carvalho|2|gabi.inesmenon@gmail.com
2003260|Gabrieli Pereira Machado|5|gabrielipmachado@hotmail.com
2034999|Geo Maycow Castilhos Galvan|2|geomaycow2014@gmail.com
2221721|Gessica Aparecida Baranselli|1|gessica_dv@hotmail.com
2204622|Giovana Derengovski Da Silva|1|giovanasilva.2019@alunos.utfpr.edu.br
1509721|Gladner Cardeal Stasiuk Paes|4|gladnercardeal@gmail.com
2204630|Graziela Aparecida Krause|1|krausegrazielaaparecida@gmail.com
1727206|Guilherme Copelli|8|gcopelli@alunos.utfpr.edu.br
1652087|Guilherme Da Cunha Guimaraes|8|g-guimaraes@live.com
2152940|Guilherme De Medeiros Tonello|2|guilherme_tonello@hotmail.com
1930729|Guilherme Henrique Miserski|3|guilhermemiserski@hotmail.com
1823205|Guilherme Lutkemeyer Eyng|8|guilherme_eyng@hotmail.com
2033488|Gustavo Dos Santos Vasconcelos|4|gustavosantosvas@outlook.com
2204649|Gustavo Henrique De Campos|1|guga.decampo@gmail.com
1765973|Gustavo Iago Felippe|7|gugafelippe@hotmail.com
2162121|Gustavo Reolon|2|gustaavolon@hotmail.com
2204657|Gustavo Santini|1|gusantini2015@gmail.com
1901184|Hellin Cristina Piran|1|hellin_cristinapiran@hotmail.com
2033496|Hellyson Rodrigo Parteka|4|hellysonrp@gmail.com
1943014|Hendrick Sumeck Necker|5|hendrick@alunos.utfpr.edu.br
1823213|Henrique Milan Lodi|3|henriquelodi@alunos.utfpr.edu.br
1932780|Ian Carlos Rocha Lima|5|ianlima@alunos.utfpr.edu.br
2033500|Ibanez Fernandes Da Silva Junior|3|ibanezjunior@alunos.utfpr.edu.br
1870270|Igor Cobra Trone|5|igort@alunos.utfpr.edu.br
2204665|Jacana Ferreira Da Silva|1|jacana@alunos.utfpr.edu.br
2162130|Jackson Eduardo Medeiros Da Silva|2|jackson_dv@hotmail.com
1932799|Jailson Lucas Panizzon|6|jailsonpanizzon@alunos.utfpr.edu.br
1241060|Janaina Karling|2|janainakarling@hotmail.com
1932802|Janaina Ludwig|6|janainaludwig@alunos.utfpr.edu.br
2221730|Jaqueline Maiara Novaes|1|999372443j@gmail.com
1870300|Jaqueline Martinez De Oliva|4|jaqueline.1977@alunos.utfpr.edu.br
1766708|Jean Carlos Lacerda Neves|7|jeanneves@alunos.utfpr.edu.br
1776533|Jean Carlos Londero|8|jeanlondero@alunos.utfpr.edu.br
1870319|Jeferson Scarsi|4|jefersonscarsi@gmail.com
1586076|Jeferson Vagner Leonhardt Albino|8|jefersonalbino@alunos.utfpr.edu.br
1653237|Jessica Iara Pegorini|8|pegorini@alunos.utfpr.edu.br
1714899|Joao Antonio Davila Gabriel|6|joaogabriel@alunos.utfpr.edu.br
2095459|Joao Locatelli|3|joaolocat@hotmail.com
1822217|Joao Lucas Visaco De Queiroz Fonseca|6|joaofonseca@alunos.utfpr.edu.br
1652770|Joao Marcos Tavares Da Silva|8|silvaj.1995@alunos.utfpr.edu.br
2095467|Joao Paulo De Oliveira Almeida|3|jalmeida.2018@alunos.utfpr.edu.br
2033518|Joao Pedro Albano Menegati|4|joomenegati@gmail.com
2204673|Joao Pedro Bezerra|1|joaopedro.bezerra.31@hotmail.com
1653245|Joao Victor Da Silva Belle|4|jbelle@alunos.utfpr.edu.br
2033526|Joao Victor Ribeiro Lourenco|3|joaovitor10gato@gmail.com
1930745|Joao Vitor Breda|6|breda@alunos.utfpr.edu.br
2152967|Joao Vitor Zisch|2|joao3102001@gmail.com
1930753|Joao Vittor Pereira Deichmann|5|joaodeichmann@alunos.utfpr.edu.br
1822225|Jociano Perin|8|perinjociano@gmail.com
2094401|Johannes Leandro Laeber Justesen|3|justesen@alunos.utfpr.edu.br
1840460|Jonas Fernandes Rauber|2|jonasrauber@alunos.utfpr.edu.br
2204681|Jonathan De Andrade|1|jonathancardosodeandrade@hotmail.com
2095483|Jose Felipe De Oliveira Viana|2|felipevianaa@hotmail.com
2035030|Jose Kaell Monteiro Soares|4|kaellsoares16@gmail.com
2003295|Jose Otavio Bremm|5|joabremm@hotmail.com
1932829|Julio Cesar Leal De Faria|6|juliofaria@alunos.utfpr.edu.br
1870327|Kaliane Larissa Viesseli|7|kally_lari@hotmail.com
2204690|Kamila Antunes De Souza Neves|1|kamilaantunes1@gmail.com
2003309|Karolaine Brandelero|2|karolainebrandelero@alunos.utfpr.edu.br
1932837|Katia Miglioli|6|katiamiglioli@alunos.utfpr.edu.br
2156059|Khalil Thair Sada|1|khalilthair@hotmail.com
2003317|Kielson Zinn Da Silva|5|kielson@alunos.utfpr.edu.br
2162156|Lais Stefany Prestes De Oliveira|2|stefany.lais2@yahoo.com.br
2204703|Leandro Barbosa Da Silva Francisco|1|motorola1710@gmail.com
1870335|Leandro Pagno Gularte|2|leandro-gularte@hotmail.com
2204711|Leonardo Bazan Picinin|1|lpicinin@alunos.utfpr.edu.br
2221748|Leonardo Cleberson Carneiro|1|lccarneiro142@gmail.com
2095505|Leonardo Dall Asta Kruger|3|leonardokruger@alunos.utfpr.edu.br
2204720|Leonardo Fiori|1|leonardofiori18@gmail.com
1684353|Leonardo Nicolai Padilha|8|leonardopadilha@alunos.utfpr.edu.br
2152975|Leonardo Nicolau Heinzen Dos Santos|2|leonardo.2019@alunos.utfpr.edu.br
1957031|Leonardo Risello Belussi|2|leonardobelussi@alunos.utfpr.edu.br
2003325|Leonardo Thomaz Passarello Da Rocha|5|leonardorocha@alunos.utfpr.edu.br
1893050|Levi Spina Vieira|7|levispina@hotmail.com
2095513|Lilian Fiori|3|lilianfiori@live.com
1823248|Lincoln Magalhaes Costa|8|lincolncosta@alunos.utfpr.edu.br
2094410|Luan Ralid Belasquem Jundi|3|luanjundi@alunos.utfpr.edu.br
1930761|Lucas Acosta Medina|4|lucasmedina@alunos.utfpr.edu.br
2162164|Lucas Barrionuevo Ribeiro|2|lucasribeiro.2019@alunos.utfpr.edu.br
2204738|Lucas Bonato|1|lucasbonato01@hotmail.com
1492462|Lucas Da Silva Marcos|3|lucasmarcos@live.com
2204746|Lucas Dos Santos|1|lsantos.2000@alunos.utfpr.edu.br
1930770|Lucas Emanuel Sierota Da Silva|6|lsilva.2000@alunos.utfpr.edu.br
2002450|Lucas Fernandes Trizzini|5|ltrizzini@gmail.com
2035049|Lucas Ferrari Salvi|3|lucas.salvi.2@hotmail.com
2035057|Lucas Giovane Wolf Wiebbelling|3|lucasgiovanew@gmail.com
2152983|Lucas Lenoch De Souza|2|lukynhasgamer@gmail.com
1930788|Lucas Luiz Kautzmann Pelepenko|6|lucaspelepenko@alunos.utfpr.edu.br
1765728|Lucas Thomazoni Severo|7|lucsev@alunos.utfpr.edu.br
1776541|Lucas Tomasi Bartolomeu|5|lucassudotec123@gmail.com
1776550|Lucian Luiz Scuziato Cardoso De Lima|8|lucianscuziato@gmail.com
1491776|Luciano Ferreira Goncalves|2|luciano.fg.dv@gmail.com
2204754|Luciano Rosin Da Luz|1|luciano.rosin63@gmail.com
1893068|Luis Felipe Leal De Faria|7|luisfaria@alunos.utfpr.edu.br
1587862|Luis Felipe Ribeiro Behne|4|behne@alunos.utfpr.edu.br
1823264|Luis Fernando Machado Pozzobon|6|luis2015nando@gmail.com
2035065|Luis Fernando Savighago|4|luissavighago@hotmail.com
1714902|Luis Gustavo Bruschi Karas|2|luiskaras@alunos.utfpr.edu.br
1870343|Luis Gustavo Egger Barichello|7|luisbarichello@alunos.utfpr.edu.br
2152991|Luis Henrique Barreto Candido De Souza|2|luishenriqueb.c.souza@gmail.com
2033534|Luis Vinicius Da Silva Silveira Dutra|3|luisdutra@alunos.utfpr.edu.br
1930796|Luiz Gustavo Moura Schneider|4|gustavo.luizfb@gmail.com
2162172|Maikon Josef Rosa|2|maikonrosa2010@hotmail.com
2003350|Marcelo Colla|5|marcelocolla@alunos.utfpr.edu.br
1930800|Marco Antonio Mattos Petry|6|mpetry@alunos.utfpr.edu.br
2095530|Marco Antonio Mesquita|2|marco_avai@hotmail.com
1776568|Marco Antonio Squine Martins|5|marcomartins.1997@alunos.utfpr.edu.br
2095548|Marcos Antonio Carvalho|3|carvalho.ie@hotmail.com
1822241|Marcos Paulo Muniz De Andrade|6|marcosandrade@alunos.utfpr.edu.br
1652826|Marcos Willian Garcia De Barros|6|mbarros.2014@alunos.utfpr.edu.br
2095556|Marcus Vinicius Toledo|3|marcustoledo@alunos.utfpr.edu.br
1605666|Maria Ilena Korb|5|maria_korb@hotmail.com
1870378|Maria Rita Cioatto Poyer|3|maria.rita.poyer@hotmail.com
2095564|Marinilsa Sansigolo|3|marisr7@hotmail.com
2003368|Marlon Wesley Simon|2|marlon.simon@outlook.com
1930818|Marlos Augusto Martins Gomes|6|marlosg@alunos.utfpr.edu.br
2162180|Mateus Lazarotto|2|mateusl@alunos.utfpr.edu.br
1713493|Mateus Suhet Reinoso|8|msuhet@gmail.com
1822250|Matheus Cunha|8|ma.theus99@hotmail.com
1822268|Matheus Deon Bordignon|8|matheusbordignon@alunos.utfpr.edu.br
1595903|Matheus Felipe De Aguiar|2|matheusfelipem336@gmail.com
1823299|Matheus Felipe Veloso Silva|8|tirulituveloso@hotmail.com
1726625|Matheus Gabriel Zilio De Oliveira|8|matheusoliveira.1996@alunos.utfpr.edu.br
1436260|Matheus Gobatto|6|mussigobatto@hotmail.com
1840479|Matheus Henrique Molinete|8|matheus_molinete@hotmail.com
2153017|Matheus Hoffmann Marczinski|2|marczinski@alunos.utfpr.edu.br
1870386|Matheus Moreira Ferreira|7|matheusf.2016@alunos.utfpr.edu.br
2221756|Matheus Neves Oliveira|1|matheusoliveira.1995@alunos.utfpr.edu.br
1822276|Matheus Petrosk|5|matheus_petroski12@hotmail.com
1714589|Mauricio De Abrao Mulinari|2|mauriciomulinari@alunos.utfpr.edu.br
1932853|Maynara De Oliveira Walter|5|maynarawalter@alunos.utfpr.edu.br
1930826|Messias Antonio Da Rosa Junior|6|messiasjunior@alunos.utfpr.edu.br
2112094|Michel Guilherme Da Rold Silva|3|michelsilva.1997@alunos.utfpr.edu.br
2095580|Monica Michels|3|monicamichels_@hotmail.com
1870394|Murilo Fantozzi|6|murilofantozzi@alunos.utfpr.edu.br
2003864|Nata Michel Cavejon|5|cavejon@alunos.utfpr.edu.br
1932861|Nathan Patrike Da Luz Weber|6|nathanpatrike@gmail.com
2035081|Nicolas Wilson Machado|3|nickchado2014@gmail.com
1930834|Nisio Helande De Oliveira|4|nisiooliveira@alunos.utfpr.edu.br
2033542|Norma Helena Schneider|4|normaschneider@alunos.utfpr.edu.br
2162199|Omar Jose Da Silva Junior|2|omar_juunior@hotmail.com
1870408|Paulo Guilherme Santiago|7|paulosantiago@alunos.utfpr.edu.br
2095599|Paulo Henrique Moschen Sartori|3|moschenhenrique@hotmail.com
2203618|Pedro Cardoso Barzan|1|pcardosow.nnf@gmail.com
1932870|Pedro Gabriel Kohl Bertella|6|pedrobertella@alunos.utfpr.edu.br
2153025|Pedro Henrique Silva Almeida|2|palmeida@alunos.utfpr.edu.br
1652982|Pedro Henrique Silveira|3|silveirap@alunos.utfpr.edu.br
1776584|Pedro Junior Gesser|3|pedrogesser@alunos.utfpr.edu.br
1604910|Pedro Oliveira De Azevedo|8|azevedo.2015@alunos.utfpr.edu.br
1652834|Poliane Aparecida Pastorio|4|poliane.03@hotmail.com
1840487|Rafael Burdella|3|rafaelburdellla@gmail.com
2003384|Rafael Vagner Maciel|3|rafaelmaciel@alunos.utfpr.edu.br
2033550|Ramon Jonathan Cechet|2|ramon_cechet@hotmail.com
1653563|Raul Correia Dos Santos|5|raulsantos@alunos.utfpr.edu.br
1930842|Renan Emanoel Bonassa|4|renanbonassa@alunos.utfpr.edu.br
2162202|Renan Soares Da Silva|2|renan.2001@alunos.utfpr.edu.br
1932888|Ricardo Andreis Balbinot|6|ricardobalbinot@alunos.utfpr.edu.br
1930850|Ricardo Daniel Abati|3|abat1ric@gmail.com
1869400|Roberto Antonio Paggi|1|rob.paggi1@gmail.com
2204118|Rodrigo Cimarosti|1|rodrigo_cimarosti@outlook.com
2095610|Rodrigo Jouris|2|rodrigoj@alunos.utfpr.edu.br
1823329|Rodrigo Junior Goncalves|5|grodrigojunior@gmail.com
2003406|Sandra Cantelli|2|sandracantelli08@gmail.com
2003899|Sara Vendramini|4|saravendramini@alunos.utfpr.edu.br
1932896|Sergio Trentin Junior|6|sergiotrentinjr@gmail.com
2204770|Siluane Zancanaro|1|zancanarosilu@gmail.com
2033569|Simone De Fatima Skura|4|simoneskura@hotmail.com
1871463|Thais Dos Santos Ferreira|4|thiisferreira@gmail.com
2033577|Thales Felipe Dal Molim|4|thalesfdm@gmail.com
2213567|Thiago Sobral Chaves|2|contato@thiagosobral.com
2204797|Tiago Da Silva De Lima|1|tiago4contact@gmail.com
1726650|Tiago Mantovani Malaguti|2|tiagomalaguti@alunos.utfpr.edu.br
2171570|Tiago Matheus Tozetto Correa|2|mateustozetto23@gmail.com
2095637|Valdenir Ziger|2|valdenir.ziger@hotmail.com
2204800|Victor Matheus Koitik|1|vkoitik@alunos.utfpr.edu.br
2094428|Victor Rafael De Lima Da Silva|3|victorsilva.2000@alunos.utfpr.edu.br
1947753|Vinicius Belloli Dos Santos|5|vsantos.2017@alunos.utfpr.edu.br
2162229|Vinicius Calgaroto Lodi|2|vinilodi2013@gmail.com
1823345|Vinicius Casani|8|viniciuscasani@alunos.utfpr.edu.br
2204819|Vinicius De Almeida Freitas|1|viniciusalmeidafreitas@gmail.com
1823353|Vinicius Lohmann Kieling|8|kieling@alunos.utfpr.edu.br
1823361|Vinicius Santo Planellis|5|planellis@alunos.utfpr.edu.br
1823370|Vinicius Santos Lopo Vieira|6|vvieira@alunos.utfpr.edu.br
1823957|Vinicius Tonello Rech|7|viniciusrech@alunos.utfpr.edu.br
2033585|Vitor Gabriel Bau Balsanello|2|vitorgabrielbalsanello@hotmail.com
2204827|Vitor Juan Mendes De Carvalho|1|vitorjmdecarvalho@hotmail.com
1870440|Vitor Melo Monteiro|7|monteirov@alunos.utfpr.edu.br
2172313|Vitorio Dario Neto|1|vitoriodario1511@yahoo.com
1870459|Walace Alves Da Silva|6|walacesilva@alunos.utfpr.edu.br
1652869|Weldemio Jose Oliveira Da Silva Cavalcante|7|demiocavalcante@gmail.com
1776614|Welington Junior Lima De Godoy|5|welingtonlima79@gmail.com
2003449|Wesley Adiel Alves De Lima|4|wesleylima@alunos.utfpr.edu.br
2035138|Wesley Gabriel Da Silva Galvan|3|wesleygalvan@alunos.utfpr.edu.br
2204835|William Fiori|1|williamfiori787@gmail.com
2204843|William Leonardo Formighieri Montevanello|1|williamleonardo12345@gmail.com
2162237|William Luiz Gabriel Pagani|2|williampagani@alunos.utfpr.edu.br
1653580|Willian Bortolotto|3|williamb@alunos.utfpr.edu.br
2204851|Willian Henrique Rita Dos Santos|1|willian_henrique_21@hotmail.com
1766406|Yasmin Barbara Novello|4|yasminnovello@alunos.utfpr.edu.br
2035146|Yuri Almeida Rodrigues|3|yurirodrigues@alunos.utfpr.edu.br
1822306|Yuri Reis Correa|8|yuricorrea@alunos.utfpr.edu.br
